game_id,season,week,date,time,team_org,opponent_team_org,team,opponent_team,points,opponent_points,points_difference,spread,win_against_spread,spread_percentage_sbr,moneyline_team,moneyline_opponent,total_team,total_opponent,spread_percentage_sportsplays,spread_percentage_vegas
,,,20141114,6:00p,William & Mary,Florida,WM,FLA,38,68,-30,+18,0,49%,+3000,-7000,139,139,27%,35%
,,,20141114,6:00p,Florida,William & Mary,FLA,WM,68,38,30,-18,1,51%,-7000,+3000,139,139,73%,65%
,,,20141114,6:30p,Virginia Commonwealth,Tennessee,VCU,TENN,85,69,16,-8,1,60%,-355,+320,143,143,66%,20%
,,,20141114,6:30p,Tennessee,Virginia Commonwealth,TENN,VCU,69,85,-16,8,0,40%,+320,-355,143,143,34%,80%
,,,20141114,7:30p,Minnesota,Louisville,MINN,LOU,68,81,-13,+9.5,0,54%,+390,-440,140,140,42%,66%
,,,20141114,7:30p,Louisville,Minnesota,LOU,MINN,81,68,13,-9.5,1,46%,-440,+390,140,140,58%,34%
,,,20141114,8:00p,Drexel,Colorado,DREX,COLO,48,65,-17,+14.5,0,44%,+1025,-1250,134,134,35%,61%
,,,20141114,8:00p,Colorado,Drexel,COLO,DREX,65,48,17,-14.5,1,56%,-1250,+1025,134,134,65%,39%
,,,20141114,9:00p,Towson,Alabama,TOWS,ALA,54,82,-28,+14.5,0,44%,+1075,-1350,131.5,131.5,31%,69%
,,,20141114,9:00p,Alabama,Towson,ALA,TOWS,82,54,28,-14.5,1,56%,-1350,+1075,131.5,131.5,69%,31%
,,,20141114,10:00p,Ball State,Utah,BALL,UTAH,72,90,-18,+26.5,0,44%,+7500,-20000,141,141,31%,59%
,,,20141114,10:00p,Utah,Ball State,UTAH,BALL,90,72,18,-26.5,1,56%,-20000,+7500,141,141,69%,41%
,,,20141114,10:00p,Milwaukee,Auburn,MILW,AUB,73,83,-10,+10.5,0,43%,+495,-590,150,150,36%,46%
,,,20141114,10:00p,Auburn,Milwaukee,AUB,MILW,83,73,10,-10.5,1,57%,-590,+495,150,150,64%,54%
,,,20141114,10:00p,Illinois-Chicago,DePaul,UIC,DEP,71,72,-1,+11,0,42%,+515,-620,143.5,143.5,30%,88%
,,,20141114,10:00p,DePaul,Illinois-Chicago,DEP,UIC,72,71,1,-11,1,58%,-620,+515,143.5,143.5,70%,12%
,,,20141114,10:00p,Rice,Oregon State,RICE,ORST,54,67,-13,+6.5,0,58%,+240,-260,134,134,27%,49%
,,,20141114,10:00p,Oregon State,Rice,ORST,RICE,67,54,13,-6.5,1,42%,-260,+240,134,134,73%,51%
,,,20141114,6:30p,Western Carolina,Mississippi State,WCU,MSST,56,66,-10,+14,0,34%,+1000,-1200,142,142,37%,67%
,,,20141114,6:30p,Mississippi State,Western Carolina,MSST,WCU,66,56,10,-14,1,66%,-1200,+1000,142,142,63%,33%
,,,20141114,10:30p,Morehead State,UNLV,MORE,UNLV,59,60,-1,+5.5,0,51%,+210,-230,144.5,144.5,32%,49%
,,,20141114,10:30p,UNLV,Morehead State,UNLV,MORE,60,59,1,-5.5,1,49%,-230,+210,144.5,144.5,68%,51%
,,,20141114,6:00p,Presbyterian,Duke,PRE,DUKE,44,113,-69,+38.5,0,33%,+30000,-90000,147,147,27%,55%
,,,20141114,6:00p,Duke,Presbyterian,DUKE,PRE,113,44,69,-38.5,1,67%,-90000,+30000,147,147,73%,45%
,,,20141114,7:00p,North Florida,South Carolina,UNF,SCAR,56,81,-25,+12.5,0,59%,+668,-850,146,146,29%,61%
,,,20141114,7:00p,South Carolina,North Florida,SCAR,UNF,81,56,25,-12.5,1,41%,-850,+668,146,146,71%,39%
,,,20141114,7:00p,Charleston Southern,Ole Miss,CHSO,MISS,66,65,1,+13,1,29%,+800,-1000,154.5,154.5,NaN,69%
,,,20141114,7:00p,Ole Miss,Charleston Southern,MISS,CHSO,65,66,-1,-13,0,71%,-1000,+800,154.5,154.5,NaN,31%
,,,20141114,8:00p,North Carolina Central,North Carolina,NCCU,UNC,60,76,-16,+17,0,29%,+1400,-2500,146.5,146.5,17%,14%
,,,20141114,8:00p,North Carolina,North Carolina Central,UNC,NCCU,76,60,16,-17,1,71%,-2500,+1400,146.5,146.5,83%,14%
,,,20141114,8:00p,Grand Canyon,Kentucky,GC,UK,45,85,-40,+30,0,28%,+17500,-52500,151,151,13%,59%
,,,20141114,8:00p,Kentucky,Grand Canyon,UK,GC,85,45,40,-30,1,72%,-52500,+17500,151,151,87%,41%
,,,20141114,8:00p,Northwestern State,Texas A&M,NWST,TXAM,68,109,-41,+11.5,0,41%,+600,-750,150.5,150.5,29%,14%
,,,20141114,8:00p,Texas A&M,Northwestern State,TXAM,NWST,109,68,41,-11.5,1,59%,-750,+600,150.5,150.5,71%,86%
,,,20141114,9:00p,Northern Kentucky,Wisconsin,NKU,WIS,31,62,-31,+28.5,0,32%,+15000,-45000,137.5,137.5,29%,88%
,,,20141114,9:00p,Wisconsin,Northern Kentucky,WIS,NKU,62,31,31,-28.5,1,68%,-45000,+15000,137.5,137.5,71%,12%
,,,20141114,9:00p,UMKC,Missouri,UMKC,MIZZ,69,61,8,+14,1,33%,+1000,-1200,148,148,1%,NaN
,,,20141114,9:00p,Missouri,UMKC,MIZZ,UMKC,61,69,-8,-14,0,67%,-1200,+1000,148,148,99%,30%
,,,20141114,9:45p,Michigan State,Navy,MSU,NAVY,64,59,5,-18,1,69%,-2150,+1300,131,131,81%,49%
,,,20141114,9:45p,Navy,Michigan State,NAVY,MSU,59,64,-5,18,0,31%,+1300,-2150,131,131,19%,51%
,,,20141114,10:00p,Chicago State,Arizona State,CHS,ASU,50,86,-36,+22.5,0,35%,+4000,-10000,148.5,148.5,25%,16%
,,,20141114,10:00p,Arizona State,Chicago State,ASU,CHS,86,50,36,-22.5,1,65%,-10000,+4000,148.5,148.5,75%,84%
,,,20141114,10:00p,Alcorn State,California,ALCN,CAL,57,91,-34,+22.5,0,39%,+4000,-10000,139,139,25%,46%
,,,20141114,10:00p,California,Alcorn State,CAL,ALCN,91,57,34,-22.5,1,61%,-10000,+4000,139,139,75%,54%
,,,20141114,10:00p,Alcorn State,California,ALCN,CAL,57,91,-34,+22.5,0,39%,+4000,-10000,139,139,25%,46%
,,,20141114,10:00p,California,Alcorn State,CAL,ALCN,91,57,34,-22.5,1,61%,-10000,+4000,139,139,75%,54%
,,,20141114,10:00p,Alcorn State,California,ALCN,CAL,57,91,-34,+22.5,0,39%,+4000,-10000,139,139,25%,46%,,,147.5,147.5,NaN,NaN
,,,20141114,10:00p,California,Alcorn State,CAL,ALCN,91,57,34,-22.5,1,61%,-10000,+4000,139,139,75%,54%,,,147.5,147.5,NaN,14%
,,,20141114,12:00a,Wofford,Stanford,WOF,STAN,59,74,-15,+12.5,0,49%,+568,-700,132,132,3%,NaN
,,,20141114,12:00a,Stanford,Wofford,STAN,WOF,74,59,15,-12.5,1,51%,-700,+568,132,132,97%,NaN
,,,20141114,12:00a,Montana State,UCLA,MTST,UCLA,78,113,-35,+25,0,36%,+11500,-34500,147,147,30%,NaN
,,,20141114,12:00a,UCLA,Montana State,UCLA,MTST,113,78,35,-25,1,64%,-34500,+11500,147,147,70%,NaN
,,,20141114,12:00a,Coppin State,Oregon,COPP,ORE,65,107,-42,+19.5,0,29%,+2500,-5000,159,159,19%,NaN
,,,20141114,12:00a,Oregon,Coppin State,ORE,COPP,107,65,42,-19.5,1,71%,-5000,+2500,159,159,81%,51%
,,,20141115,10:30p,Portland State,USC,PRST,USC,76,68,8,+10,1,54%,+435,-500,155,155,30%,45%
,,,20141115,10:30p,USC,Portland State,USC,PRST,68,76,-8,-10,0,46%,-500,+435,155,155,70%,55%
,,,20141116,12:00p,Buffalo,Kentucky,BUFF,UK,52,71,-19,+32.5,0,32%,+16000,-48000,144,144,27%,17%
,,,20141116,12:00p,Kentucky,Buffalo,UK,BUFF,71,52,19,-32.5,1,69%,-48000,+16000,144,144,73%,83%
,,,20141116,5:00p,Fordham,Penn State,FOR,PSU,54,73,-19,+12.5,0,36%,+725,-925,147.5,147.5,24%,25%
,,,20141116,5:00p,Penn State,Fordham,PSU,FOR,73,54,19,-12.5,1,64%,-925,+725,147.5,147.5,76%,75%
,,,20141116,6:00p,Valparaiso,Missouri,VALP,MIZZ,41,56,-15,+4,0,50%,+185,-200,137.5,137.5,34%,43%
,,,20141116,6:00p,Missouri,Valparaiso,MIZZ,VALP,56,41,15,-4,1,51%,-200,+185,137.5,137.5,66%,57%
,,,20141116,7:00p,George Washington,Rutgers,GW,RUTG,70,53,17,-4.5,1,67%,-185,+170,144.5,144.5,74%,82%
,,,20141116,7:00p,Rutgers,George Washington,RUTG,GW,53,70,-17,4.5,0,33%,+170,-185,144.5,144.5,26%,18%
,,,20141116,8:00p,Cal State Northridge,Arizona,CSN,ARIZ,68,86,-18,+26.5,0,34%,+6500,-16500,143,143,21%,16%
,,,20141116,8:00p,Arizona,Cal State Northridge,ARIZ,CSN,86,68,18,-26.5,1,66%,-16500,+6500,143,143,79%,84%
,,,20141116,12:00p,Mercer,Seton Hall,MER,HALL,47,63,-16,+11.5,0,60%,+608,-760,138,138,47%,77%
,,,20141116,12:00p,Seton Hall,Mercer,HALL,MER,63,47,16,-11.5,1,40%,-760,+608,138,138,53%,23%
,,,20141116,1:00p,Chattanooga,Wisconsin,CHAT,WIS,45,89,-44,+28,0,44%,+8500,-23000,135,135,36%,34%
,,,20141116,1:00p,Wisconsin,Chattanooga,WIS,CHAT,89,45,44,-28,1,56%,-23000,+8500,135,135,64%,66%
,,,20141116,3:00p,IUPUI,Purdue,IUPU,PUR,57,77,-20,+24.5,0,38%,+3000,-7000,140.5,140.5,38%,19%
,,,20141116,3:00p,Purdue,IUPUI,PUR,IUPU,77,57,20,-24.5,1,62%,-7000,+3000,140.5,140.5,62%,81%
,,,20141117,7:00p,Miami (FL),Florida,MIA,FLA,69,67,2,+8,1,51%,+340,-380,130,130,46%,45%
,,,20141117,7:00p,Florida,Miami (FL),FLA,MIA,67,69,-2,-8,0,49%,-380,+340,130,130,54%,55%
,,,20141117,9:00p,Georgia State,Iowa State,GAST,ISU,58,81,-23,+10,0,50%,+455,-530,158,158,28%,53%
,,,20141117,9:00p,Iowa State,Georgia State,ISU,GAST,81,58,23,-10,1,50%,-530,+455,158,158,72%,47%
,,,20141117,11:00p,SMU,Gonzaga,SMU,GONZ,56,72,-16,+9,0,46%,+375,-420,141,141,26%,30%
,,,20141117,11:00p,Gonzaga,SMU,GONZ,SMU,72,56,16,-9,1,54%,-420,+375,141,141,74%,70%
,,,20141117,11:00p,Detroit,Oregon,DET,ORE,66,83,-17,+11.5,0,34%,+595,-740,153,153,20%,19%
,,,20141117,11:00p,Oregon,Detroit,ORE,DET,83,66,17,-11.5,1,66%,-740,+595,153,153,80%,81%
,,,20141117,9:00p,Western Carolina,Alabama,WCU,ALA,74,80,-6,+19,0,46%,+1750,-3500,133,133,38%,18%
,,,20141117,9:00p,Alabama,Western Carolina,ALA,WCU,80,74,6,-19,1,54%,-3500,+1750,133,133,62%,52%
,,,20141117,6:00p,Texas Southern,Indiana,TXSO,IND,64,83,-19,+24,0,32%,+3000,-7000,151.5,151.5,17%,12%
,,,20141117,6:00p,Indiana,Texas Southern,IND,TXSO,83,64,19,-24,1,68%,-7000,+3000,151.5,151.5,83%,88%
,,,20141117,6:00p,Texas Southern,Indiana,TXSO,IND,64,83,-19,+24,0,32%,+3000,-7000,151.5,151.5,17%,12%
,,,20141117,6:00p,Indiana,Texas Southern,IND,TXSO,83,64,19,-24,1,68%,-7000,+3000,151.5,151.5,83%,88%
,,,20141117,6:00p,Texas Southern,Indiana,TXSO,IND,64,83,-19,+24,0,32%,+3000,-7000,151.5,151.5,17%,12%,,,145,145,NaN,NaN
,,,20141117,6:00p,Indiana,Texas Southern,IND,TXSO,83,64,19,-24,1,68%,-7000,+3000,151.5,151.5,83%,88%,,,145,145,NaN,73%
,,,20141117,8:00p,Bucknell,Michigan,BUCK,MICH,53,77,-24,+18.5,0,46%,+1750,-3500,131,131,38%,46%
,,,20141117,8:00p,Michigan,Bucknell,MICH,BUCK,77,53,24,-18.5,1,54%,-3500,+1750,131,131,62%,24%
,,,20141117,8:00p,Mississippi Valley State,Mississippi State,MVSU,MSST,68,89,-21,+21,0,40%,+2375,-4750,148,148,NaN,NaN
,,,20141117,8:00p,Mississippi State,Mississippi Valley State,MSST,MVSU,89,68,21,-21,1,60%,-4750,+2375,148,148,NaN,47%
,,,20141117,9:00p,Binghamton,Providence,BING,PROV,45,66,-21,+21,0,37%,+2375,-4750,133,133,31%,16%
,,,20141117,9:00p,Providence,Binghamton,PROV,BING,66,45,21,-21,1,63%,-4750,+2375,133,133,69%,84%
,,,20141117,9:00p,Bethune-Cookman,Arizona State,COOK,ASU,39,49,-10,+22.5,0,37%,+3000,-7000,137,137,NaN,NaN
,,,20141117,9:00p,Arizona State,Bethune-Cookman,ASU,COOK,49,39,10,-22.5,1,63%,-7000,+3000,137,137,NaN,73%
,,,20141117,1:00a,Auburn,Colorado,AUB,COLO,59,90,-31,+11.5,0,41%,+530,-645,142.5,142.5,NaN,NaN
,,,20141117,1:00a,Colorado,Auburn,COLO,AUB,90,59,31,-11.5,1,59%,-645,+530,142.5,142.5,NaN,NaN
,,,20141117,5:00a,High Point,Hawaii,HP,HAW,62,54,8,+3.5,1,35%,+160,-170,145.5,145.5,NaN,NaN
,,,20141117,5:00a,Hawaii,High Point,HAW,HP,54,62,-8,-3.5,0,65%,-170,+160,145.5,145.5,NaN,NaN
,,,20141118,12:00p,Baylor,South Carolina,BAY,SCAR,69,65,4,+2,1,48%,+115,-125,141,141,60%,60%
,,,20141118,12:00p,South Carolina,Baylor,SCAR,BAY,65,69,-4,-2,0,52%,-125,+115,141,141,40%,40%
,,,20141118,2:00p,Wichita State,Memphis,WICH,MEM,71,56,15,-9.5,1,58%,-470,+375,140.5,140.5,70%,70%
,,,20141118,2:00p,Memphis,Wichita State,MEM,WICH,56,71,-15,9.5,0,42%,+375,-470,140.5,140.5,30%,30%
,,,20141118,4:00p,Utah,San Diego State,UTAH,SDSU,49,53,-4,+5,0,45%,+190,-210,130,130,43%,43%
,,,20141118,4:00p,San Diego State,Utah,SDSU,UTAH,53,49,4,-5,1,55%,-210,+190,130,130,57%,57%
,,,20141118,6:00p,Toledo,Virginia Commonwealth,TOL,VCU,78,87,-9,+11,0,47%,+568,-700,153.5,153.5,30%,42%
,,,20141118,6:00p,Virginia Commonwealth,Toledo,VCU,TOL,87,78,9,-11,1,53%,-700,+568,153.5,153.5,70%,58%
,,,20141118,7:00p,Long Beach State,Xavier,LBSU,XAV,74,97,-23,+11.5,0,52%,+510,-615,147,147,31%,43%
,,,20141118,7:00p,Xavier,Long Beach State,XAV,LBSU,97,74,23,-11.5,1,48%,-615,+510,147,147,69%,57%
,,,20141118,7:00p,Michigan State,Duke,MSU,DUKE,71,81,-10,+8.5,0,41%,+355,-400,144.5,144.5,26%,37%
,,,20141118,7:00p,Duke,Michigan State,DUKE,MSU,81,71,10,-8.5,1,59%,-400,+355,144.5,144.5,74%,63%
,,,20141118,7:30p,Marquette,Ohio State,MARQ,OSU,63,74,-11,+12.5,0,45%,+700,-900,136,136,39%,44%
,,,20141118,7:30p,Ohio State,Marquette,OSU,MARQ,74,63,11,-12.5,1,55%,-900,+700,136,136,61%,56%
,,,20141118,9:00p,Drake,DePaul,DRKE,DEP,62,80,-18,+8.5,0,38%,+380,-430,139.5,139.5,27%,16%
,,,20141118,9:00p,DePaul,Drake,DEP,DRKE,80,62,18,-8.5,1,62%,-430,+380,139.5,139.5,73%,84%
,,,20141118,9:30p,Texas Tech,LSU,TTU,LSU,64,69,-5,+8,0,40%,+310,-340,142.5,142.5,32%,40%
,,,20141118,9:30p,LSU,Texas Tech,LSU,TTU,69,64,5,-8,1,60%,-340,+310,142.5,142.5,68%,60%
,,,20141118,9:30p,Kentucky,Kansas,UK,KU,72,40,32,-7,1,51%,-320,+290,140,140,57%,49%
,,,20141118,9:30p,Kansas,Kentucky,KU,UK,40,72,-32,7,0,49%,+290,-320,140,140,43%,56%
,,,20141118,5:00a,High Point,Hawaii,HP,HAW,62,54,8,+3.5,1,35%,+160,-170,145.5,145.5,21%,16%
,,,20141118,5:00a,Hawaii,High Point,HAW,HP,54,62,-8,-3.5,0,65%,-170,+160,145.5,145.5,79%,84%
,,,20141118,7:00a,Iona,Wofford,IONA,WOF,73,86,-13,+2,0,54%,+115,-125,144,144,54%,56%
,,,20141118,7:00a,Wofford,Iona,WOF,IONA,86,73,13,-2,1,46%,-125,+115,144,144,46%,44%
,,,20141118,9:00a,Northern Iowa,Stephen F. Austin,UNI,SFA,79,77,2,+3,1,43%,+135,-145,130,130,31%,32%
,,,20141118,9:00a,Stephen F. Austin,Northern Iowa,SFA,UNI,77,79,-2,-3,0,57%,-145,+135,130,130,69%,68%
,,,20141118,11:00a,Manhattan,Massachusetts,MAN,MASS,68,77,-9,+8,0,44%,+328,-365,150.5,150.5,31%,33%
,,,20141118,11:00a,Massachusetts,Manhattan,MASS,MAN,77,68,9,-8,1,56%,-365,+328,150.5,150.5,69%,67%
,,,20141118,9:00p,Chattanooga,Butler,CHAT,BUT,48,70,-22,+16,0,37%,+1100,-1700,142,142,27%,26%
,,,20141118,9:00p,Butler,Chattanooga,BUT,CHAT,70,48,22,-16,1,63%,-1700,+1100,142,142,73%,74%
,,,20141118,7:00p,Stony Brook,Georgia,STON,UGA,70,80,-10,+13,0,52%,+800,-1000,137,137,29%,47%
,,,20141118,7:00p,Georgia,Stony Brook,UGA,STON,80,70,10,-13,1,48%,-1000,+800,137,137,71%,53%
,,,20141119,8:00p,Oklahoma,Creighton,OKLA,CREI,63,65,-2,-4,0,63%,-185,+170,156,156,63%,80%
,,,20141119,8:00p,Creighton,Oklahoma,CREI,OKLA,65,63,2,4,1,37%,+170,-185,156,156,37%,20%
,,,20141119,9:00p,Green Bay,Wisconsin,GB,WIS,60,84,-24,+15.5,0,36%,+1150,-1450,139.5,139.5,23%,22%
,,,20141119,9:00p,Wisconsin,Green Bay,WIS,GB,84,60,24,-15.5,1,64%,-1450,+1150,139.5,139.5,77%,78%
,,,20141119,9:00p,Wake Forest,Arkansas,WAKE,ARK,53,83,-30,+13.5,0,44%,+1000,-1200,156.5,156.5,46%,48%
,,,20141119,9:00p,Arkansas,Wake Forest,ARK,WAKE,83,53,30,-13.5,1,56%,-1200,+1000,156.5,156.5,54%,52%
,,,20141119,9:00p,UC Irvine,Arizona,UCI,ARIZ,54,71,-17,+15.5,0,40%,+1150,-1450,133.5,133.5,27%,33%
,,,20141119,9:00p,Arizona,UC Irvine,ARIZ,UCI,71,54,17,-15.5,1,60%,-1450,+1150,133.5,133.5,73%,67%
,,,20141119,10:00p,Pepperdine,San Jose State,PEPP,SJSU,63,44,19,-2,1,58%,-125,+115,,,136,136,NaN,NaN
,,,20141119,10:00p,San Jose State,Pepperdine,SJSU,PEPP,44,63,-19,2,0,42%,+115,-125,,,136,136,NaN,56%
,,,20141120,6:00p,Detroit,Michigan,DET,MICH,62,71,-9,+17.5,0,41%,+1625,-3250,146.5,146.5,33%,19%
,,,20141120,6:00p,Michigan,Detroit,MICH,DET,71,62,9,-17.5,1,59%,-3250,+1625,146.5,146.5,67%,81%
,,,20141120,8:00p,SMU,Indiana,SMU,IND,68,74,-6,-1,0,52%,-113,+103,135,135,48%,53%
,,,20141120,8:00p,Indiana,SMU,IND,SMU,74,68,6,1,1,48%,+103,-113,135,135,52%,47%
,,,20141120,9:00p,Southern Miss,Alabama,USM,ALA,67,81,-14,+13.5,0,47%,+750,-950,137.5,137.5,38%,68%
,,,20141120,9:00p,Alabama,Southern Miss,ALA,USM,81,67,14,-13.5,1,53%,-950,+750,137.5,137.5,62%,32%
,,,20141120,9:00p,Loyola Marymount,Arizona State,LMU,ASU,44,68,-24,+12,0,43%,+660,-840,131,131,25%,33%
,,,20141120,9:00p,Arizona State,Loyola Marymount,ASU,LMU,68,44,24,-12,1,57%,-840,+660,131,131,75%,67%
,,,20141120,10:30a,Texas A&M,Dayton,TXAM,DAY,53,55,-2,-1.5,0,51%,-120,+110,133.5,133.5,48%,49%
,,,20141120,10:30a,Dayton,Texas A&M,DAY,TXAM,55,53,2,1.5,1,49%,+110,-120,133.5,133.5,52%,51%
,,,20141120,1:03p,Charleston,Connecticut,COFC,CONN,57,65,-8,+13,0,38%,+800,-1000,124,124,26%,19%
,,,20141120,1:03p,Connecticut,Charleston,CONN,COFC,65,57,8,-13,1,62%,-1000,+800,124,124,74%,81%
,,,20141120,5:00p,New Mexico,Boston College,UNM,BC,65,69,-4,-5,0,57%,-220,+200,131,131,64%,51%
,,,20141120,5:00p,Boston College,New Mexico,BC,UNM,69,65,4,5,1,43%,+200,-220,131,131,36%,49%
,,,20141120,7:30p,George Mason,West Virginia,GMU,WVU,65,91,-26,+10,0,35%,,,138.5,138.5,33%,22%
,,,20141120,7:30p,West Virginia,George Mason,WVU,GMU,91,65,26,-10,1,65%,,,138.5,138.5,67%,78%
,,,20141120,3:00p,Drexel,Miami (FL),DREX,MIA,46,66,-20,+10.5,0,43%,+475,-560,123.5,123.5,26%,18%
,,,20141120,3:00p,Miami (FL),Drexel,MIA,DREX,66,46,20,-10.5,1,57%,-560,+475,123.5,123.5,74%,82%
,,,20141120,5:14p,Penn State,Charlotte,PSU,CHAR,97,106,-9,-4,0,50%,-175,+165,136,136,58%,33%
,,,20141120,5:14p,Charlotte,Penn State,CHAR,PSU,106,97,9,4,1,50%,+165,-175,136,136,42%,67%
,,,20141120,7:00p,Texas,Iowa,TEX,IOWA,71,57,14,-4,1,59%,-175,+165,146.5,146.5,63%,49%
,,,20141120,7:00p,Iowa,Texas,IOWA,TEX,57,71,-14,4,0,41%,+165,-175,146.5,146.5,37%,41%
,,,20141120,9:35p,Syracuse,California,SYR,CAL,59,73,-14,-5.5,0,53%,-220,+200,131,131,65%,63%
,,,20141120,9:35p,California,Syracuse,CAL,SYR,73,59,14,5.5,1,47%,+200,-220,131,131,35%,37%
,,,20141120,7:00p,Texas Southern,Tennessee,TXSO,TENN,58,70,-12,+18.5,0,41%,+1625,-3250,137,137,29%,19%
,,,20141120,7:00p,Tennessee,Texas Southern,TENN,TXSO,70,58,12,-18.5,1,59%,-3250,+1625,137,137,71%,81%
,,,20141120,8:00p,Bucknell,Villanova,BUCK,VILL,65,72,-7,+20,0,35%,+2000,-4000,138,138,29%,10%
,,,20141120,8:00p,Villanova,Bucknell,VILL,BUCK,72,65,7,-20,1,65%,-4000,+2000,138,138,71%,90%
,,,20141120,11:00p,Nicholls State,UCLA,NICH,UCLA,74,107,-33,+28,0,30%,+7500,-20000,150,150,19%,14%
,,,20141120,11:00p,UCLA,Nicholls State,UCLA,NICH,107,74,33,-28,1,70%,-20000,+7500,150,150,81%,86%
,,,20141121,7:00p,Loyola (IL),Michigan State,L-IL,MSU,52,87,-35,+18,0,34%,+1500,-3000,132.5,132.5,17%,17%
,,,20141121,7:00p,Michigan State,Loyola (IL),MSU,L-IL,87,52,35,-18,1,66%,-3000,+1500,132.5,132.5,83%,83%
,,,20141121,7:00p,Toledo,Oregon,TOL,ORE,68,78,-10,+7,0,50%,+260,-290,154,154,31%,29%
,,,20141121,7:00p,Oregon,Toledo,ORE,TOL,78,68,10,-7,1,50%,-290,+260,154,154,69%,71%
,,,20141121,8:00p,Louisiana-Monroe,Florida,ULM,FLA,56,61,-5,+20.5,0,41%,+2250,-4500,128.5,128.5,30%,44%
,,,20141121,8:00p,Florida,Louisiana-Monroe,FLA,ULM,61,56,5,-20.5,1,59%,-4500,+2250,128.5,128.5,70%,56%
,,,20141121,9:00p,UC Riverside,Utah,UCRV,UTAH,42,88,-46,+23.5,0,33%,+3000,-7000,129.5,129.5,30%,2%
,,,20141121,9:00p,Utah,UC Riverside,UTAH,UCRV,88,42,46,-23.5,1,67%,-7000,+3000,129.5,129.5,70%,98%
,,,20141121,9:00p,Marshall,Louisville,MRSH,LOU,67,85,-18,+27.5,0,43%,+7500,-20000,144,144,41%,35%
,,,20141121,9:00p,Louisville,Marshall,LOU,MRSH,85,67,18,-27.5,1,57%,-20000,+7500,144,144,59%,65%
,,,20141121,10:30p,Kansas State,Long Beach State,KSU,LBSU,60,69,-9,-2.5,0,59%,-140,+130,140.5,140.5,68%,82%
,,,20141121,10:30p,Long Beach State,Kansas State,LBSU,KSU,69,60,9,2.5,1,41%,+130,-140,140.5,140.5,32%,18%
,,,20141121,2:30p,Dayton,Connecticut,DAY,CONN,64,75,-11,+4.5,0,39%,+175,-190,126.5,126.5,38%,32%
,,,20141121,2:30p,Connecticut,Dayton,CONN,DAY,75,64,11,-4.5,1,61%,-190,+175,126.5,126.5,62%,68%
,,,20141121,5:00p,Boston College,West Virginia,BC,WVU,66,70,-4,+9,0,44%,+400,-450,141,141,46%,50%
,,,20141121,5:00p,West Virginia,Boston College,WVU,BC,70,66,4,-9,1,56%,-450,+400,141,141,54%,50%
,,,20141121,12:00p,USC,Drexel,USC,DREX,72,70,2,-1.5,1,56%,-125,+115,120,120,68%,62%
,,,20141121,12:00p,Drexel,USC,DREX,USC,70,72,-2,1.5,0,44%,+115,-125,120,120,32%,38%
,,,20141121,2:30p,Akron,Miami (FL),AKR,MIA,51,79,-28,+8.5,0,48%,+390,-440,126.5,126.5,61%,70%
,,,20141121,2:30p,Miami (FL),Akron,MIA,AKR,79,51,28,-8.5,1,52%,-440,+390,126.5,126.5,39%,30%
,,,20141121,7:00p,Charlotte,South Carolina,CHAR,SCAR,65,63,2,+3.5,1,50%,+155,-165,135,135,37%,42%
,,,20141121,7:00p,South Carolina,Charlotte,SCAR,CHAR,63,65,-2,-3.5,0,50%,-165,+155,135,135,63%,58%
,,,20141121,4:00p,Seton Hall,Nevada,HALL,NEV,68,60,8,-6.5,1,50%,-275,+250,129,129,60%,63%
,,,20141121,4:00p,Nevada,Seton Hall,NEV,HALL,60,68,-8,6.5,0,50%,+250,-275,129,129,40%,37%
,,,20141121,6:30p,LSU,Old Dominion,LSU,ODU,61,70,-9,-2,0,51%,-135,+125,136.5,136.5,62%,67%
,,,20141121,6:30p,Old Dominion,LSU,ODU,LSU,70,61,9,2,1,49%,+125,-135,136.5,136.5,38%,33%
,,,20141121,7:00p,California,Texas,CAL,TEX,55,71,-16,+5.5,0,55%,+205,-225,135.5,135.5,52%,55%
,,,20141121,7:00p,Texas,California,TEX,CAL,71,55,16,-5.5,1,45%,-225,+205,135.5,135.5,48%,36%
,,,20141121,7:00p,Stanford,UNLV,STAN,UNLV,89,60,29,-8,1,59%,-385,+345,134.5,134.5,61%,61%
,,,20141121,7:00p,UNLV,Stanford,UNLV,STAN,60,89,-29,8,0,41%,+345,-385,134.5,134.5,39%,39%
,,,20141121,9:30p,Temple,Duke,TEM,DUKE,54,74,-20,+17.5,0,33%,+1625,-3250,148.5,148.5,28%,15%
,,,20141121,9:30p,Duke,Temple,DUKE,TEM,74,54,20,-17.5,1,67%,-3250,+1625,148.5,148.5,72%,85%
,,,20141121,9:00p,Idaho State,Washington State,IDST,WSU,68,80,-12,+13,0,41%,+800,-1000,132,132,29%,10%
,,,20141121,9:00p,Washington State,Idaho State,WSU,IDST,80,68,12,-13,1,59%,-1000,+800,132,132,71%,90%
,,,20141121,9:00p,Oral Roberts,Oregon State,ORU,ORST,42,55,-13,-2.5,0,56%,-140,+130,133,133,39%,43%
,,,20141121,9:00p,Oregon State,Oral Roberts,ORST,ORU,55,42,13,2.5,1,44%,+130,-140,133,133,61%,57%
,,,20141121,7:00p,Boston University,Kentucky,BU,UK,65,89,-24,+31.5,0,37%,+15000,-45000,128,128,24%,12%
,,,20141121,7:00p,Kentucky,Boston University,UK,BU,89,65,24,-31.5,1,63%,-45000,+15000,128,128,76%,88%
,,,20141122,10:00p,Boise State,Wisconsin,BSU,WIS,54,78,-24,+17.5,0,41%,+1450,-1900,136.5,136.5,27%,29%
,,,20141122,10:00p,Wisconsin,Boise State,WIS,BSU,78,54,24,-17.5,1,59%,-1900,+1450,136.5,136.5,73%,71%
,,,20141122,9:30p,Stanford,Duke,STAN,DUKE,59,70,-11,+10,0,33%,+500,-600,145.5,145.5,28%,16%
,,,20141122,9:30p,Duke,Stanford,DUKE,STAN,70,59,11,-10,1,67%,-600,+500,145.5,145.5,72%,84%
,,,20141122,2:30p,Nebraska-Omaha,Marquette,NEOM,MARQ,97,89,8,+17,1,42%,+1300,-2150,154,154,28%,29%
,,,20141122,2:30p,Marquette,Nebraska-Omaha,MARQ,NEOM,89,97,-8,-17,0,58%,-2150,+1300,154,154,72%,71%
,,,20141122,4:00p,Canisius,St. Bonaventure,CAN,SBON,53,59,-6,+8,0,49%,+310,-370,137.5,137.5,36%,48%
,,,20141122,4:00p,St. Bonaventure,Canisius,SBON,CAN,59,53,6,-8,1,51%,-370,+310,137.5,137.5,64%,52%
,,,20141122,8:00p,Lamar,Indiana,LAM,IND,72,85,-13,+29.5,0,39%,+11000,-33000,147,147,30%,26%
,,,20141122,8:00p,Indiana,Lamar,IND,LAM,85,72,13,-29.5,1,61%,-33000,+11000,147,147,70%,84%
,,,20141123,4:00p,South Florida,North Carolina State,USF,NCST,65,68,-3,+15,0,44%,+1050,-1600,141.5,141.5,33%,35%
,,,20141123,4:00p,North Carolina State,South Florida,NCST,USF,68,65,3,-15,1,56%,-1600,+1050,141.5,141.5,67%,65%
,,,20141123,5:00p,Florida Atlantic,Georgia,FAU,UGA,61,74,-13,+15,0,42%,+1150,-1450,136.5,136.5,25%,n/a
,,,20141123,5:00p,Georgia,Florida Atlantic,UGA,FAU,74,61,13,-15,1,58%,-1450,+1150,136.5,136.5,75%,n/a
,,,20141123,8:00p,Pacific,Washington,PAC,WASH,69,76,-7,+13,0,42%,+800,-1000,134.5,134.5,29%,27%
,,,20141123,8:00p,Washington,Pacific,WASH,PAC,76,69,7,-13,1,58%,-1000,+800,134.5,134.5,71%,73%
,,,20141123,10:00p,Long Beach State,UCLA,LBSU,UCLA,63,77,-14,+10,0,43%,+480,-570,153.5,153.5,18%,47%
,,,20141123,10:00p,UCLA,Long Beach State,UCLA,LBSU,77,63,14,-10,1,57%,-570,+480,153.5,153.5,82%,53%
,,,20141123,2:00p,New Mexico,Texas A&M,UNM,TXAM,51,64,-13,+4,0,53%,+160,-170,123.5,123.5,53%,n/a
,,,20141123,2:00p,Texas A&M,New Mexico,TXAM,UNM,64,51,13,-4,1,47%,-170,+160,123.5,123.5,47%,n/a
,,,20141123,4:30p,Boston College,Dayton,BC,DAY,53,65,-12,+5.5,0,54%,+200,-220,130.5,130.5,50%,58%
,,,20141123,4:30p,Dayton,Boston College,DAY,BC,65,53,12,-5.5,1,46%,-220,+200,130.5,130.5,50%,42%
,,,20141123,7:15p,West Virginia,Connecticut,WVU,CONN,78,68,10,+4,1,49%,+165,-175,134,134,44%,60%
,,,20141123,7:15p,Connecticut,West Virginia,CONN,WVU,68,78,-10,-4,0,51%,-175,+165,134,134,56%,40%
,,,20141123,12:00p,Florida State,Massachusetts,FSU,MASS,69,75,-6,+1.5,0,38%,+110,-120,146,146,24%,n/a
,,,20141123,12:00p,Massachusetts,Florida State,MASS,FSU,75,69,6,-1.5,1,62%,-120,+110,146,146,76%,n/a
,,,20141123,2:30p,Providence,Notre Dame,PROV,ND,75,74,1,+4,1,57%,+165,-190,133,133,89%,66%
,,,20141123,2:30p,Notre Dame,Providence,ND,PROV,74,75,-1,-4,0,43%,-190,+165,133,133,11%,34%
,,,20141123,6:30p,Akron,South Carolina,AKR,SCAR,68,63,5,+6,1,51%,+235,-255,125,125,40%,27%
,,,20141123,6:30p,South Carolina,Akron,SCAR,AKR,63,68,-5,-6,0,49%,-255,+235,125,125,60%,73%
,,,20141123,9:00p,Charlotte,Miami (FL),CHAR,MIA,58,75,-17,+8.5,0,43%,+328,-365,135,135,43%,46%
,,,20141123,9:00p,Miami (FL),Charlotte,MIA,CHAR,75,58,17,-8.5,1,57%,-365,+328,135,135,57%,54%
,,,20141123,9:20p,Illinois State,Old Dominion,ILST,ODU,64,45,19,+4.5,1,39%,+165,-175,127.5,127.5,31%,40%
,,,20141123,9:20p,Old Dominion,Illinois State,ODU,ILST,45,64,-19,-4.5,0,61%,-175,+165,127.5,127.5,69%,60%
,,,20141123,6:00p,Montana State,Kentucky,MTST,UK,28,86,-58,+39,0,34%,+32500,-97500,136.5,136.5,30%,7%
,,,20141123,6:00p,Kentucky,Montana State,UK,MTST,86,28,58,-39,1,66%,-97500,+32500,136.5,136.5,70%,93%
,,,20141123,7:00p,Tennessee State,Vanderbilt,TNST,VAN,46,78,-32,+19,0,43%,+1750,-3500,129.5,129.5,36%,41%
,,,20141123,7:00p,Vanderbilt,Tennessee State,VAN,TNST,78,46,32,-19,1,57%,-3500,+1750,129.5,129.5,64%,59%
,,,20141123,8:00p,Northern Arizona,Ole Miss,NAU,MISS,74,80,-6,+15.5,0,49%,+1150,-1450,132.5,132.5,45%,66%
,,,20141123,8:00p,Ole Miss,Northern Arizona,MISS,NAU,80,74,6,-15.5,1,51%,-1450,+1150,132.5,132.5,55%,34%
,,,20141123,4:00p,North Carolina Central,Creighton,NCCU,CREI,45,65,-20,+11.5,0,34%,,,136.5,136.5,23%,n/a
,,,20141123,4:00p,Creighton,North Carolina Central,CREI,NCCU,65,45,20,-11.5,1,66%,,,136.5,136.5,77%,n/a
,,,20141123,7:00p,Sacred Heart,Ohio State,SHU,OSU,48,106,-58,+26.5,0,30%,+6500,-16500,135.5,135.5,16%,n/a
,,,20141123,7:00p,Ohio State,Sacred Heart,OSU,SHU,106,48,58,-26.5,1,70%,-16500,+6500,135.5,135.5,84%,n/a
,,,20141124,7:00p,Santa Clara,Michigan State,SCU,MSU,52,79,-27,+16,0,38%,+1300,-1650,137,137,15%,17%
,,,20141124,7:00p,Michigan State,Santa Clara,MSU,SCU,79,52,27,-16,1,62%,-1650,+1300,137,137,85%,83%
,,,20141124,9:00p,Seton Hall,Illinois State,HALL,ILST,84,80,4,-3,1,59%,-145,+135,133,133,66%,70%
,,,20141124,9:00p,Illinois State,Seton Hall,ILST,HALL,80,84,-4,3,0,41%,+135,-145,133,133,34%,30%
,,,20141124,2:30p,Purdue,Kansas State,PUR,KSU,79,88,-9,-1.5,0,60%,-125,+105,133,133,59%,76%
,,,20141124,2:30p,Kansas State,Purdue,KSU,PUR,88,79,9,1.5,1,40%,+105,-125,133,133,41%,24%
,,,20141124,5:10p,Missouri,Arizona,MIZZ,ARIZ,53,72,-19,+14.5,0,38%,+1225,-1550,131,131,35%,32%
,,,20141124,5:10p,Arizona,Missouri,ARIZ,MIZZ,72,53,19,-14.5,1,62%,-1550,+1225,131,131,65%,68%
,,,20141124,9:00p,Pittsburgh,Chaminade University,PITT,CHA,81,68,13,-16,1,57%,-1700,+1100,141.5,141.5,80%,85%
,,,20141124,9:00p,Chaminade University,Pittsburgh,CHA,PITT,68,81,-13,16,0,43%,+1100,-1700,141.5,141.5,20%,NaN
,,,20141124,11:30p,BYU,San Diego State,BYU,SDSU,87,92,-5,+3,0,45%,+135,-145,138.5,138.5,36%,36%
,,,20141124,11:30p,San Diego State,BYU,SDSU,BYU,92,87,5,-3,1,55%,-145,+135,138.5,138.5,64%,64%
,,,20141124,11:00p,Tulsa,Auburn,TLSA,AUB,53,35,18,-5,1,51%,-210,+190,144.5,144.5,50%,62%
,,,20141124,11:00p,Auburn,Tulsa,AUB,TLSA,35,53,-18,5,0,49%,+190,-210,144.5,144.5,50%,38%
,,,20141124,7:00p,Arizona State,Maryland,ASU,MD,73,78,-5,+5,0,51%,+195,-215,123,123,44%,44%
,,,20141124,7:00p,Maryland,Arizona State,MD,ASU,78,73,5,-5,1,49%,-215,+195,123,123,56%,56%
,,,20141124,9:30p,Alabama,Iowa State,ALA,ISU,74,84,-10,+6,0,30%,+245,-265,146,146,33%,10%
,,,20141124,9:30p,Iowa State,Alabama,ISU,ALA,84,74,10,-6,1,70%,-265,+245,146,146,67%,90%
,,,20141124,7:00p,Virginia Commonwealth,Villanova,VCU,VILL,53,77,-24,+2,0,58%,+120,-130,151.5,151.5,55%,61%
,,,20141124,7:00p,Villanova,Virginia Commonwealth,VILL,VCU,77,53,24,-2,1,42%,-130,+120,151.5,151.5,45%,39%
,,,20141124,7:00p,Murray State,Xavier,MURR,XAV,62,89,-27,+11,0,41%,+510,-615,145,145,35%,27%
,,,20141124,7:00p,Xavier,Murray State,XAV,MURR,89,62,27,-11,1,59%,-615,+510,145,145,65%,73%
,,,20141124,7:30p,Eastern Washington,Indiana,EWU,IND,88,86,2,+12.5,1,44%,+750,-950,149,149,24%,33%
,,,20141124,7:30p,Indiana,Eastern Washington,IND,EWU,86,88,-2,-12.5,0,56%,-950,+750,149,149,76%,51%
,,,20141124,8:00p,Rider,Kansas,RID,KU,60,87,-27,+17.5,0,34%,+1500,-3000,135,135,18%,16%
,,,20141124,8:00p,Kansas,Rider,KU,RID,87,60,27,-17.5,1,66%,-3000,+1500,135,135,82%,24%
,,,20141124,9:15p,N.J.I.T.,Marquette,NJIT,MARQ,57,62,-5,+20.5,0,41%,+2000,-4000,144,144,23%,6%
,,,20141124,9:15p,Marquette,N.J.I.T.,MARQ,NJIT,62,57,5,-20.5,1,59%,-4000,+2000,144,144,77%,94%
,,,20141125,7:00p,Texas-Arlington,Kentucky,UTA,UK,44,92,-48,+32.5,0,30%,+20000,-60000,141,141,15%,9%
,,,20141125,7:00p,Kentucky,Texas-Arlington,UK,UTA,92,44,48,-32.5,1,70%,-60000,+20000,141,141,85%,91%
,,,20141125,7:30p,Arkansas,SMU,ARK,SMU,78,72,6,+4,1,53%,+165,-175,144.5,144.5,53%,57%
,,,20141125,7:30p,SMU,Arkansas,SMU,ARK,72,78,-6,-4,0,47%,-175,+165,144.5,144.5,47%,43%
,,,20141125,9:00p,Air Force,Colorado,AFA,COLO,53,68,-15,+15,0,49%,+1075,-1350,128,128,34%,46%
,,,20141125,9:00p,Colorado,Air Force,COLO,AFA,68,53,15,-15,1,51%,-1350,+1075,128,128,66%,54%
,,,20141125,11:00p,Cal State Fullerton,USC,CSF,USC,49,53,-4,+5,0,45%,+180,-220,140,140,32%,45%
,,,20141125,11:00p,USC,Cal State Fullerton,USC,CSF,53,49,4,-5,1,55%,-220,+180,140,140,68%,55%
,,,20141125,11:00p,Delaware,Stanford,DEL,STAN,47,84,-37,+24.5,0,34%,+7500,-20000,139,139,28%,12%
,,,20141125,11:00p,Stanford,Delaware,STAN,DEL,84,47,37,-24.5,1,66%,-20000,+7500,139,139,72%,88%
,,,20141125,2:00p,Purdue,Missouri,PUR,MIZZ,82,61,21,-4,1,58%,-175,+165,133.5,133.5,65%,58%
,,,20141125,2:00p,Missouri,Purdue,MIZZ,PUR,61,82,-21,4,0,42%,+165,-175,133.5,133.5,35%,42%
,,,20141125,7:30p,Kansas State,Arizona,KSU,ARIZ,68,72,-4,+9,0,48%,+380,-430,135,135,38%,45%
,,,20141125,7:30p,Arizona,Kansas State,ARIZ,KSU,72,68,4,-9,1,52%,-430,+380,135,135,62%,55%
,,,20141125,10:00p,Pittsburgh,San Diego State,PITT,SDSU,57,74,-17,+3,0,37%,+140,-150,119,119,31%,30%
,,,20141125,10:00p,San Diego State,Pittsburgh,SDSU,PITT,74,57,17,-3,1,63%,-150,+140,119,119,69%,70%
,,,20141125,7:00p,Virginia Tech,Northern Iowa,VT,UNI,54,73,-19,+8.5,0,40%,+355,-400,124.5,124.5,56%,31%
,,,20141125,7:00p,Northern Iowa,Virginia Tech,UNI,VT,73,54,19,-8.5,1,60%,-400,+355,124.5,124.5,44%,69%
,,,20141125,9:30p,Miami (OH),Northwestern,M-OH,NW,46,55,-9,+8,0,62%,+325,-360,118,118,43%,60%
,,,20141125,9:30p,Northwestern,Miami (OH),NW,M-OH,55,46,9,-8,1,38%,-360,+325,118,118,57%,40%
,,,20141125,9:30p,Maryland,Iowa State,MD,ISU,72,63,9,+5,1,33%,+190,-210,149.5,149.5,31%,20%
,,,20141125,9:30p,Iowa State,Maryland,ISU,MD,63,72,-9,-5,0,67%,-210,+190,149.5,149.5,69%,80%
,,,20141125,10:15p,Michigan,Villanova,MICH,VILL,55,60,-5,+4.5,0,42%,+185,-200,133,133,43%,43%
,,,20141125,10:15p,Villanova,Michigan,VILL,MICH,60,55,5,-4.5,1,58%,-200,+185,133,133,57%,57%
,,,20141125,8:00p,Eastern Illinois,Creighton,EIU,CREI,53,75,-22,+18,0,37%,+2250,-4500,132,132,24%,20%
,,,20141125,8:00p,Creighton,Eastern Illinois,CREI,EIU,75,53,22,-18,1,63%,-4500,+2250,132,132,76%,80%
,,,20141126,10:00p,Cal Poly,California,CP,CAL,52,72,-20,+12.5,0,43%,+650,-1000,125.5,125.5,23%,55%
,,,20141126,10:00p,California,Cal Poly,CAL,CP,72,52,20,-12.5,1,57%,-1000,+650,125.5,125.5,77%,45%
,,,20141126,12:00p,Butler,North Carolina,BUT,UNC,74,66,8,+9,1,43%,+400,-450,139,139,41%,37%
,,,20141126,12:00p,North Carolina,Butler,UNC,BUT,66,74,-8,-9,0,57%,-450,+400,139,139,59%,87%
,,,20141126,2:50p,UCLA,Oklahoma,UCLA,OKLA,65,75,-10,+2,0,49%,+110,-130,151.5,151.5,61%,62%
,,,20141126,2:50p,Oklahoma,UCLA,OKLA,UCLA,75,65,10,-2,1,51%,-130,+110,151.5,151.5,39%,38%
,,,20141126,7:00p,Wisconsin,UAB,WIS,UAB,72,43,29,-24,1,64%,-16500,+6500,130.5,130.5,72%,69%
,,,20141126,7:00p,UAB,Wisconsin,UAB,WIS,43,72,-29,24,0,36%,+6500,-16500,130.5,130.5,28%,31%
,,,20141126,9:30p,Florida,Georgetown,FLA,GTWN,65,66,-1,+1,0,45%,+102,-112,128,128,56%,65%
,,,20141126,9:30p,Georgetown,Florida,GTWN,FLA,66,65,1,-1,1,55%,-112,+102,128,128,44%,65%
,,,20141126,5:00p,Purdue,BYU,PUR,BYU,87,85,2,+1.5,1,38%,+110,-120,157.5,157.5,32%,24%
,,,20141126,5:00p,BYU,Purdue,BYU,PUR,85,87,-2,-1.5,0,62%,-120,+110,157.5,157.5,68%,76%
,,,20141126,8:05p,Pittsburgh,Kansas State,PITT,KSU,70,47,23,+4,1,40%,+155,-175,128.5,128.5,36%,26%
,,,20141126,8:05p,Kansas State,Pittsburgh,KSU,PITT,47,70,-23,-4,0,60%,-175,+155,128.5,128.5,64%,74%
,,,20141126,10:28p,San Diego State,Arizona,SDSU,ARIZ,59,61,-2,+5,0,47%,+185,-200,125.5,125.5,40%,53%
,,,20141126,10:28p,Arizona,San Diego State,ARIZ,SDSU,61,59,2,-5,1,53%,-200,+185,125.5,125.5,60%,47%
,,,20141126,11:30p,Tulsa,Oklahoma State,TLSA,OKST,58,73,-15,+3,0,38%,+140,-150,129.5,129.5,23%,19%
,,,20141126,11:30p,Oklahoma State,Tulsa,OKST,TLSA,73,58,15,-3,1,62%,-150,+140,129.5,129.5,77%,81%
,,,20141126,9:40p,Gonzaga,Georgia,GONZ,UGA,88,76,12,-12.5,1,65%,-1000,+650,146,146,66%,76%
,,,20141126,9:40p,Georgia,Gonzaga,UGA,GONZ,76,88,-12,12.5,0,35%,+650,-1000,146,146,34%,97%
,,,20141126,7:00p,Miami (OH),Virginia Tech,M-OH,VT,63,78,-15,+4,0,47%,+167,-178,122,122,32%,55%
,,,20141126,7:00p,Virginia Tech,Miami (OH),VT,M-OH,78,63,15,-4,1,53%,-178,+167,122,122,68%,45%
,,,20141126,9:30p,Northwestern,Northern Iowa,NW,UNI,42,61,-19,+6,0,44%,+220,-260,117.5,117.5,43%,43%
,,,20141126,9:30p,Northern Iowa,Northwestern,UNI,NW,61,42,19,-6,1,56%,-260,+220,117.5,117.5,57%,57%
,,,20141126,5:00p,Furman,Duke,FUR,DUKE,54,93,-39,+41,0,31%,+34000,-102000,140,140,35%,24%
,,,20141126,5:00p,Duke,Furman,DUKE,FUR,93,54,39,-41,1,69%,-102000,+34000,140,140,65%,76%
,,,20141126,2:00a,Missouri State,Colorado State,MOSU,CSU,61,76,-15,+10,0,39%,+350,-440,139,139,NaN,NaN
,,,20141126,2:00a,Colorado State,Missouri State,CSU,MOSU,76,61,15,-10,1,61%,-440,+350,139,139,NaN,NaN
,,,20141127,12:00p,Santa Clara,Tennessee,SCU,TENN,57,64,-7,+7,0,45%,+270,-300,132,132,26%,28%
,,,20141127,12:00p,Tennessee,Santa Clara,TENN,SCU,64,57,7,-7,1,55%,-300,+270,132,132,74%,72%
,,,20141127,2:37p,Kansas,Rhode Island,KU,URI,76,60,16,-8.5,1,55%,-425,+340,132.5,132.5,74%,65%
,,,20141127,2:37p,Rhode Island,Kansas,URI,KU,60,76,-16,8.5,0,45%,+340,-425,132.5,132.5,26%,35%
,,,20141127,6:30p,Michigan State,Rider,MSU,RID,77,45,32,-16,1,69%,-1500,+1000,134.5,134.5,82%,86%
,,,20141127,6:30p,Rider,Michigan State,RID,MSU,45,77,-32,16,0,31%,+1000,-1500,134.5,134.5,18%,14%
,,,20141127,8:50p,Marquette,Georgia Tech,MARQ,GT,72,70,2,+3,1,37%,+140,-150,130,130,37%,19%
,,,20141127,8:50p,Georgia Tech,Marquette,GT,MARQ,70,72,-2,-3,0,63%,-150,+140,130,130,63%,81%
,,,20141127,1:00p,Butler,Oklahoma,BUT,OKLA,46,59,-13,+3,0,55%,+150,-160,141.5,141.5,53%,44%
,,,20141127,1:00p,Oklahoma,Butler,OKLA,BUT,59,46,13,-3,1,45%,-160,+150,141.5,141.5,47%,56%
,,,20141127,3:30p,Georgetown,Wisconsin,GTWN,WIS,65,68,-3,+9,0,37%,+355,-400,131.5,131.5,37%,16%
,,,20141127,3:30p,Wisconsin,Georgetown,WIS,GTWN,68,65,3,-9,1,63%,-400,+355,131.5,131.5,63%,84%
,,,20141127,7:00p,UCLA,North Carolina,UCLA,UNC,56,78,-22,+5,0,40%,+200,-220,152.5,152.5,40%,19%
,,,20141127,7:00p,North Carolina,UCLA,UNC,UCLA,78,56,22,-5,1,60%,-220,+200,152.5,152.5,60%,81%
,,,20141127,9:30p,UAB,Florida,UAB,FLA,47,56,-9,+15,0,36%,+1100,-1400,124,124,29%,25%
,,,20141127,9:30p,Florida,UAB,FLA,UAB,56,47,9,-15,1,64%,-1400,+1100,124,124,71%,75%
,,,20141127,2:00p,Princeton,UTEP,PRIN,UTEP,51,60,-9,+7.5,0,35%,+290,-320,127.5,127.5,44%,29%
,,,20141127,2:00p,UTEP,Princeton,UTEP,PRIN,60,51,9,-7.5,1,65%,-320,+290,127.5,127.5,56%,71%
,,,20141127,4:30p,San Diego,Xavier,USD,XAV,71,82,-11,+9,0,45%,+390,-440,143,143,23%,36%
,,,20141127,4:30p,Xavier,San Diego,XAV,USD,82,71,11,-9,1,55%,-440,+390,143,143,77%,64%
,,,20141127,8:30p,Long Beach State,Western Michigan,LBSU,WMU,73,55,18,-3,1,55%,-150,+140,142.5,142.5,61%,67%
,,,20141127,8:30p,Western Michigan,Long Beach State,WMU,LBSU,55,73,-18,3,0,45%,+140,-150,142.5,142.5,39%,33%
,,,20141127,11:00p,San Jose State,Washington,SJSU,WASH,56,78,-22,+12,0,34%,+600,-750,133,133,21%,8%
,,,20141127,11:00p,Washington,San Jose State,WASH,SJSU,78,56,22,-12,1,66%,-750,+600,133,133,79%,92%
,,,20141127,5:00p,Illinois,Indiana State,ILL,INST,88,62,26,-11.5,1,55%,-750,+525,138,138,58%,52%
,,,20141127,5:00p,Indiana State,Illinois,INST,ILL,62,88,-26,11.5,0,45%,+525,-750,138,138,42%,48%
,,,20141127,4:00p,LIU Brooklyn,Stony Brook,LIU,STON,54,73,-19,+8.5,0,43%,+355,-400,132.5,132.5,42%,46%
,,,20141127,4:00p,Stony Brook,LIU Brooklyn,STON,LIU,73,54,19,-8.5,1,57%,-400,+355,132.5,132.5,58%,54%
,,,20141127,9:30p,Rice,Mercer,RICE,MER,71,77,-6,+6.5,0,53%,+248,-270,124,124,34%,19%
,,,20141127,9:30p,Mercer,Rice,MER,RICE,77,71,6,-6.5,1,47%,-270,+248,124,124,66%,81%
,,,20141127,12:00a,Baylor,Memphis,BAY,MEM,71,47,24,-5.5,1,65%,-215,+195,129,129,69%,NaN
,,,20141127,12:00a,Memphis,Baylor,MEM,BAY,47,71,-24,5.5,0,35%,+195,-215,129,129,31%,NaN
,,,20141127,12:35a,Washington State,UC Santa Barbara,WSU,UCSB,43,71,-28,+5.5,0,46%,+220,-240,140.5,140.5,45%,NaN
,,,20141127,12:35a,UC Santa Barbara,Washington State,UCSB,WSU,71,43,28,-5.5,1,54%,-240,+220,140.5,140.5,55%,NaN
,,,20141128,4:00p,James Madison,Ohio State,JMU,OSU,56,73,-17,+23.5,0,33%,+6000,-15000,142.5,142.5,24%,11%
,,,20141128,4:00p,Ohio State,James Madison,OSU,JMU,73,56,17,-23.5,1,67%,-15000,+6000,142.5,142.5,76%,89%
,,,20141128,4:00p,Yale,Providence,YALE,PROV,66,72,-6,+6,0,35%,+230,-250,128,128,24%,30%
,,,20141128,4:00p,Providence,Yale,PROV,YALE,72,66,6,-6,1,65%,-250,+230,128,128,76%,70%
,,,20141128,9:00p,North Texas,Arkansas,UNT,ARK,73,89,-16,+26,0,44%,+8500,-23000,144,144,37%,17%
,,,20141128,9:00p,Arkansas,North Texas,ARK,UNT,89,73,16,-26,1,56%,-23000,+8500,144,144,63%,83%
,,,20141128,12:00p,Tennessee,Kansas,TENN,KU,67,82,-15,+9,0,34%,+395,-445,129.5,129.5,30%,25%
,,,20141128,12:00p,Kansas,Tennessee,KU,TENN,82,67,15,-9,1,66%,-445,+395,129.5,129.5,70%,70%
,,,20141128,2:30p,Santa Clara,Rhode Island,SCU,URI,44,66,-22,+7,0,44%,+265,-295,128.5,128.5,37%,30%
,,,20141128,2:30p,Rhode Island,Santa Clara,URI,SCU,66,44,22,-7,1,56%,-295,+265,128.5,128.5,63%,70%
,,,20141128,6:30p,Rider,Georgia Tech,RID,GT,54,61,-7,+7.5,0,47%,+295,-325,132,132,24%,35%
,,,20141128,6:30p,Georgia Tech,Rider,GT,RID,61,54,7,-7.5,1,53%,-325,+295,132,132,76%,65%
,,,20141128,9:00p,Marquette,Michigan State,MARQ,MSU,68,79,-11,+12.5,0,38%,+725,-925,131,131,43%,35%
,,,20141128,9:00p,Michigan State,Marquette,MSU,MARQ,79,68,11,-12.5,1,62%,-925,+725,131,131,57%,65%
,,,20141128,2:00p,Butler,Georgetown,BUT,GTWN,64,58,6,+4,1,39%,+165,-175,128.5,128.5,39%,36%
,,,20141128,2:00p,Georgetown,Butler,GTWN,BUT,58,64,-6,-4,0,61%,-175,+165,128.5,128.5,61%,64%
,,,20141128,4:30p,Oklahoma,Wisconsin,OKLA,WIS,56,69,-13,+8,0,49%,+328,-365,132,132,46%,47%
,,,20141128,4:30p,Wisconsin,Oklahoma,WIS,OKLA,69,56,13,-8,1,51%,-365,+328,132,132,54%,53%
,,,20141128,10:30p,UAB,UCLA,UAB,UCLA,76,88,-12,+14,0,40%,+1025,-1250,139,139,28%,22%
,,,20141128,10:30p,UCLA,UAB,UCLA,UAB,88,76,12,-14,1,60%,-1250,+1025,139,139,72%,78%
,,,20141128,8:00p,North Carolina,Florida,UNC,FLA,75,64,11,-5.5,1,65%,-230,+210,133,133,62%,74%
,,,20141128,8:00p,Florida,North Carolina,FLA,UNC,64,75,-11,5.5,0,35%,+210,-230,133,133,38%,25%
,,,20141128,8:00p,Indiana State,Memphis,INST,MEM,62,72,-10,+7,0,45%,+280,-310,131,131,36%,29%
,,,20141128,8:00p,Memphis,Indiana State,MEM,INST,72,62,10,-7,1,55%,-310,+280,131,131,64%,83%
,,,20141128,10:30p,Illinois,Baylor,ILL,BAY,62,54,8,-4,1,53%,-190,+165,132.5,132.5,55%,67%
,,,20141128,10:30p,Baylor,Illinois,BAY,ILL,54,62,-8,4,0,47%,+165,-190,132.5,132.5,45%,17%
,,,20141128,3:30p,UTEP,Xavier,UTEP,XAV,77,73,4,+6.5,1,35%,+248,-270,134.5,134.5,24%,17%
,,,20141128,3:30p,Xavier,UTEP,XAV,UTEP,73,77,-4,-6.5,0,65%,-270,+248,134.5,134.5,76%,83%
,,,20141128,11:30p,Washington,Long Beach State,WASH,LBSU,80,70,10,+1,1,62%,-105,-105,140,140,65%,30%
,,,20141128,11:30p,Long Beach State,Washington,LBSU,WASH,70,80,-10,-1,0,38%,-105,-105,140,140,35%,30%
,,,20141128,9:30p,Pacific,Colorado State,PAC,CSU,64,75,-11,+12.5,0,45%,+668,-850,139,139,36%,14%
,,,20141128,9:30p,Colorado State,Pacific,CSU,PAC,75,64,11,-12.5,1,55%,-850,+668,139,139,64%,86%
,,,20141128,4:30p,Minnesota,Georgia,MINN,UGA,66,62,4,-4,1,58%,-175,+165,146,146,67%,73%
,,,20141128,4:30p,Georgia,Minnesota,UGA,MINN,62,66,-4,4,0,42%,+165,-175,146,146,33%,65%
,,,20141128,7:00p,Rutgers,Vanderbilt,RUTG,VAN,68,65,3,+5.5,1,36%,+210,-230,127,127,31%,40%
,,,20141128,7:00p,Vanderbilt,Rutgers,VAN,RUTG,65,68,-3,-5.5,0,64%,-230,+210,127,127,69%,60%
,,,20141128,9:30p,La Salle,Virginia,LAS,UVA,56,64,-8,+15.5,0,34%,+1150,-1450,117,117,39%,13%
,,,20141128,9:30p,Virginia,La Salle,UVA,LAS,64,56,8,-15.5,1,66%,-1450,+1150,117,117,61%,87%
,,,20141128,7:00p,Bradley,TCU,BRAD,TCU,49,57,-8,+9,0,32%,+380,-430,126.5,126.5,38%,16%
,,,20141128,7:00p,TCU,Bradley,TCU,BRAD,57,49,8,-9,1,68%,-430,+380,126.5,126.5,62%,84%
,,,20141128,9:30p,Saint Louis,Mississippi State,SLU,MSST,50,75,-25,+3,0,40%,+135,-145,128,128,54%,27%
,,,20141128,9:30p,Mississippi State,Saint Louis,MSST,SLU,75,50,25,-3,1,60%,-145,+135,128,128,46%,73%
,,,20141128,10:00p,North Dakota,Utah,UND,UTAH,53,90,-37,+24,0,46%,+7000,-18500,133,133,39%,59%
,,,20141128,10:00p,Utah,North Dakota,UTAH,UND,90,53,37,-24,1,54%,-18500,+7000,133,133,61%,41%
,,,20141128,12:00a,Mercer,UC Santa Barbara,MER,UCSB,60,65,-5,+10,0,45%,+425,-485,127,127,41%,NaN
,,,20141128,12:00a,UC Santa Barbara,Mercer,UCSB,MER,65,60,5,-10,1,55%,-485,+425,127,127,59%,70%
,,,20141129,4:00p,George Washington,Seton Hall,GW,HALL,54,58,-4,+2.5,0,56%,+130,-140,135,135,34%,38%
,,,20141129,4:00p,Seton Hall,George Washington,HALL,GW,58,54,4,-2.5,1,44%,-140,+130,135,135,66%,62%
,,,20141129,11:30p,Colorado State,UC Santa Barbara,CSU,UCSB,65,63,2,-4.5,1,67%,-185,+170,133,133,62%,82%
,,,20141129,11:30p,UC Santa Barbara,Colorado State,UCSB,CSU,63,65,-2,4.5,0,33%,+170,-185,133,133,38%,18%
,,,20141129,7:00p,La Salle,Vanderbilt,LAS,VAN,55,68,-13,-2,0,44%,-130,+120,123,123,58%,29%
,,,20141129,7:00p,Vanderbilt,La Salle,VAN,LAS,68,55,13,2,1,56%,+120,-130,123,123,42%,71%
,,,20141129,9:30p,Virginia,Rutgers,UVA,RUTG,45,26,19,-18,1,64%,-3000,+1500,121,121,52%,70%
,,,20141129,9:30p,Rutgers,Virginia,RUTG,UVA,26,45,-19,18,0,37%,+1500,-3000,121,121,48%,34%
,,,20141129,7:00p,TCU,Mississippi State,TCU,MSST,61,52,9,-3,1,45%,-150,+140,129.5,129.5,50%,61%
,,,20141129,7:00p,Mississippi State,TCU,MSST,TCU,52,61,-9,3,0,55%,+140,-150,129.5,129.5,50%,39%
,,,20141129,9:00p,Alabama State,Utah,ALST,UTAH,62,93,-31,+24,0,41%,+3750,-9000,141,141,36%,17%
,,,20141129,9:00p,Utah,Alabama State,UTAH,ALST,93,62,31,-24,1,59%,-9000,+3750,141,141,64%,83%
,,,20141130,12:00p,Texas,Connecticut,TEX,CONN,55,54,1,+2,1,59%,+115,-125,128,128,51%,64%
,,,20141130,12:00p,Connecticut,Texas,CONN,TEX,54,55,-1,-2,0,41%,-125,+115,128,128,49%,36%
,,,20141130,2:00p,Providence,Kentucky,PROV,UK,38,58,-20,+20,0,48%,+2500,-5000,133,133,43%,35%
,,,20141130,2:00p,Kentucky,Providence,UK,PROV,58,38,20,-20,1,52%,-5000,+2500,133,133,57%,65%
,,,20141130,2:30p,Stanford,DePaul,STAN,DEP,72,87,-15,-8,0,59%,-370,+330,140.5,140.5,73%,48%
,,,20141130,2:30p,DePaul,Stanford,DEP,STAN,87,72,15,8,1,41%,+330,-370,140.5,140.5,27%,52%
,,,20141130,3:00p,Bowling Green,Detroit,BGSU,DET,64,63,1,+3,1,53%,+140,-150,131.5,131.5,35%,33%
,,,20141130,3:00p,Detroit,Bowling Green,DET,BGSU,63,64,-1,-3,0,47%,-150,+140,131.5,131.5,65%,67%
,,,20141130,4:00p,USC,New Mexico,USC,UNM,66,54,12,+9,1,47%,+380,-430,127.5,127.5,39%,60%
,,,20141130,4:00p,New Mexico,USC,UNM,USC,54,66,-12,-9,0,53%,-430,+380,127.5,127.5,61%,40%
,,,20141130,4:30p,Delaware,Villanova,DEL,VILL,47,78,-31,+30.5,0,42%,+18000,-54000,133.5,133.5,38%,39%
,,,20141130,4:30p,Villanova,Delaware,VILL,DEL,78,47,31,-30.5,1,58%,-54000,+18000,133.5,133.5,62%,61%
,,,20141130,6:00p,California,Fresno State,CAL,FRES,64,57,7,-6.5,1,66%,-270,+248,134,134,75%,87%
,,,20141130,6:00p,Fresno State,California,FRES,CAL,57,64,-7,6.5,0,34%,+248,-270,134,134,25%,13%
,,,20141130,1:00p,Michigan State,Kansas,MSU,KU,56,61,-5,+1.5,0,46%,+108,-118,136.5,136.5,52%,36%
,,,20141130,1:00p,Kansas,Michigan State,KU,MSU,61,56,5,-1.5,1,54%,-118,+108,136.5,136.5,48%,64%
,,,20141130,4:00p,Tennessee,Marquette,TENN,MARQ,59,67,-8,-2.5,0,46%,-135,+125,131.5,131.5,46%,32%
,,,20141130,4:00p,Marquette,Tennessee,MARQ,TENN,67,59,8,2.5,1,54%,+125,-135,131.5,131.5,54%,68%
,,,20141130,6:30p,Georgia Tech,Rhode Island,GT,URI,64,61,3,+3,1,38%,+130,-140,125,125,45%,22%
,,,20141130,6:30p,Rhode Island,Georgia Tech,URI,GT,61,64,-3,-3,0,62%,-140,+130,125,125,55%,78%
,,,20141130,2:00p,Western Michigan,San Diego,WMU,USD,68,66,2,+2.5,1,56%,+125,-135,139,139,40%,77%
,,,20141130,2:00p,San Diego,Western Michigan,USD,WMU,66,68,-2,-2.5,0,44%,-135,+125,139,139,60%,23%
,,,20141130,4:20p,Long Beach State,Xavier,LBSU,XAV,73,70,3,+8,1,41%,+305,-335,144.5,144.5,25%,33%
,,,20141130,4:20p,Xavier,Long Beach State,XAV,LBSU,70,73,-3,-8,0,59%,-335,+305,144.5,144.5,75%,67%
,,,20141130,10:00p,Washington,UTEP,WASH,UTEP,68,65,3,+3.5,1,50%,+155,-165,133.5,133.5,49%,52%
,,,20141130,10:00p,UTEP,Washington,UTEP,WASH,65,68,-3,-3.5,0,50%,-165,+155,133.5,133.5,51%,48%
,,,20141130,3:30p,Iona,Arkansas,IONA,ARK,77,94,-17,+12.5,0,49%,+700,-900,168,168,39%,49%
,,,20141130,3:30p,Arkansas,Iona,ARK,IONA,94,77,17,-12.5,1,51%,-900,+700,168,168,61%,51%
,,,20141130,8:00p,Portland State,Oregon,PRST,ORE,59,81,-22,+15,0,52%,+1075,-1350,146.5,146.5,33%,65%
,,,20141130,8:00p,Oregon,Portland State,ORE,PRST,81,59,22,-15,1,48%,-1350,+1075,146.5,146.5,67%,35%
